"annotation_id","annotator","created_at","id","label","lead_time","text","updated_at"
2,"1","2025-01-26T13:32:31.229939Z",140,"[{""start"":0,""end"":12,""text"":""डायरेक्टोरेट"",""labels"":[""NOUN""]},{""start"":13,""end"":17,""text"":""जनरल"",""labels"":[""ADJ""]},{""start"":18,""end"":20,""text"":""ऑफ"",""labels"":[""ADP""]},{""start"":21,""end"":26,""text"":""सिविल"",""labels"":[""ADJ""]},{""start"":27,""end"":33,""text"":""एविएशन"",""labels"":[""NOUN""]},{""start"":35,""end"":39,""text"":""DGCA"",""labels"":[""PROPN""]},{""start"":41,""end"":43,""text"":""ने"",""labels"":[""PART""]},{""start"":44,""end"":47,""text"":""जेट"",""labels"":[""PROPN""]},{""start"":48,""end"":54,""text"":""एयरवेज"",""labels"":[""PROPN""]},{""start"":55,""end"":57,""text"":""को"",""labels"":[""ADP""]},{""start"":58,""end"":61,""text"":""एयर"",""labels"":[""NOUN""]},{""start"":62,""end"":68,""text"":""ऑपरेटर"",""labels"":[""NOUN""]},{""start"":69,""end"":79,""text"":""सर्टिफिकेट"",""labels"":[""NOUN""]},{""start"":81,""end"":84,""text"":""AOC"",""labels"":[""PROPN""]},{""start"":89,""end"":93,""text"":""दिया"",""labels"":[""VERB""]},{""start"":86,""end"":88,""text"":""दे"",""labels"":[""VERB""]},{""start"":94,""end"":96,""text"":""है"",""labels"":[""VERB""]}]",247.97199999999998,"डायरेक्टोरेट जनरल ऑफ सिविल एविएशन (DGCA) ने जेट एयरवेज को एयर ऑपरेटर सर्टिफिकेट (AOC) दे दिया है।","2025-01-26T13:32:31.229951Z"
3,"1","2025-01-26T13:39:31.659351Z",141,"[{""start"":7,""end"":16,""text"":""रिपोर्ट्स"",""labels"":[""NOUN""]},{""start"":0,""end"":6,""text"":""मीडिया"",""labels"":[""NOUN""]},{""start"":17,""end"":19,""text"":""के"",""labels"":[""ADP""]},{""start"":20,""end"":26,""text"":""अनुसार"",""labels"":[""ADP""]},{""start"":109,""end"":111,""text"":""के"",""labels"":[""ADP""]},{""start"":27,""end"":30,""text"":""देश"",""labels"":[""NOUN""]},{""start"":31,""end"":33,""text"":""के"",""labels"":[""ADP""]},{""start"":34,""end"":35,""text"":""5"",""labels"":[""NUM""]},{""start"":36,""end"":44,""text"":""म्यूचुअल"",""labels"":[""ADJ""]},{""start"":45,""end"":48,""text"":""फंड"",""labels"":[""NOUN""]},{""start"":49,""end"":53,""text"":""हाउस"",""labels"":[""NOUN""]},{""start"":54,""end"":57,""text"":""SBI"",""labels"":[""PROPN""]},{""start"":59,""end"":63,""text"":""HDFC"",""labels"":[""PROPN""]},{""start"":65,""end"":69,""text"":""कोटक"",""labels"":[""PROPN""]},{""start"":71,""end"":77,""text"":""आदित्य"",""labels"":[""PROPN""]},{""start"":78,""end"":83,""text"":""बिरला"",""labels"":[""PROPN""]},{""start"":84,""end"":86,""text"":""और"",""labels"":[""CONJ""]},{""start"":87,""end"":92,""text"":""ICICI"",""labels"":[""PROPN""]},{""start"":93,""end"":104,""text"":""प्रूडेंशियल"",""labels"":[""PROPN""]},{""start"":105,""end"":108,""text"":""LIC"",""labels"":[""PROPN""]},{""start"":112,""end"":116,""text"":""एंकर"",""labels"":[""NOUN""]},{""start"":117,""end"":123,""text"":""निवेशक"",""labels"":[""NOUN""]},{""start"":124,""end"":129,""text"":""होंगे"",""labels"":[""VERB""]}]",418.742,"मीडिया रिपोर्ट्स के अनुसार देश के 5 म्यूचुअल फंड हाउस SBI, HDFC, कोटक, आदित्य बिरला और ICICI प्रूडेंशियल LIC के एंकर निवेशक होंगे।","2025-01-26T13:39:31.659365Z"
4,"1","2025-01-26T13:42:07.862781Z",142,"[{""start"":0,""end"":5,""text"":""रेलवे"",""labels"":[""NOUN""]},{""start"":6,""end"":17,""text"":""रिक्रूटमेंट"",""labels"":[""NOUN""]},{""start"":18,""end"":23,""text"":""बोर्ड"",""labels"":[""NOUN""]},{""start"":30,""end"":36,""text"":""सोमवार"",""labels"":[""NOUN""]},{""start"":25,""end"":28,""text"":""RRB"",""labels"":[""PROPN""]},{""start"":37,""end"":41,""text"":""यानी"",""labels"":[""CONJ""]},{""start"":42,""end"":44,""text"":""16"",""labels"":[""NUM""]},{""start"":45,""end"":50,""text"":""अगस्त"",""labels"":[""NOUN""]},{""start"":51,""end"":53,""text"":""को"",""labels"":[""ADP""]},{""start"":54,""end"":66,""text"":""नॉन-टेक्निकल"",""labels"":[""ADJ""]},{""start"":67,""end"":73,""text"":""पॉपुलर"",""labels"":[""ADJ""]},{""start"":74,""end"":81,""text"":""कैटेगरी"",""labels"":[""NOUN""]},{""start"":87,""end"":93,""text"":""एग्जाम"",""labels"":[""NOUN""]},{""start"":82,""end"":86,""text"":""NTPC"",""labels"":[""PROPN""]},{""start"":94,""end"":96,""text"":""की"",""labels"":[""ADV""]},{""start"":97,""end"":104,""text"":""आंसर-की"",""labels"":[""NOUN""]},{""start"":105,""end"":109,""text"":""जारी"",""labels"":[""VERB""]},{""start"":110,""end"":115,""text"":""करेगा"",""labels"":[""VERB""]}]",153.312,"रेलवे रिक्रूटमेंट बोर्ड (RRB) सोमवार यानी 16 अगस्त को नॉन-टेक्निकल पॉपुलर कैटेगरी NTPC एग्जाम की आंसर-की जारी करेगा।","2025-01-26T13:42:07.862797Z"
5,"1","2025-01-26T13:46:40.315032Z",143,"[{""start"":0,""end"":3,""text"":""PLI"",""labels"":[""PROPN""]},{""start"":4,""end"":9,""text"":""स्कीम"",""labels"":[""NOUN""]},{""start"":10,""end"":12,""text"":""के"",""labels"":[""ADP""]},{""start"":13,""end"":15,""text"":""दो"",""labels"":[""NUM""]},{""start"":16,""end"":22,""text"":""हिस्से"",""labels"":[""NOUN""]},{""start"":22,""end"":23,""text"":""-"",""labels"":[""X""]},{""start"":23,""end"":30,""text"":""चैंपियन"",""labels"":[""ADJ""]},{""start"":31,""end"":38,""text"":""ओरिजिनल"",""labels"":[""ADJ""]},{""start"":39,""end"":49,""text"":""इक्विपमेंट"",""labels"":[""NOUN""]},{""start"":50,""end"":63,""text"":""मैन्युफैक्चरर"",""labels"":[""NOUN""]},{""start"":65,""end"":68,""text"":""OEM"",""labels"":[""PROPN""]},{""start"":70,""end"":78,""text"":""इंसेंटिव"",""labels"":[""NOUN""]},{""start"":79,""end"":84,""text"":""स्कीम"",""labels"":[""NOUN""]},{""start"":88,""end"":96,""text"":""व्हीकल्स"",""labels"":[""NOUN""]},{""start"":97,""end"":104,""text"":""पार्ट्स"",""labels"":[""NOUN""]},{""start"":85,""end"":87,""text"":""और"",""labels"":[""CONJ""]},{""start"":114,""end"":123,""text"":""इन्सेंटिव"",""labels"":[""NOUN""]},{""start"":124,""end"":129,""text"":""स्कीम"",""labels"":[""NOUN""]},{""start"":130,""end"":133,""text"":""हैं"",""labels"":[""VERB""]},{""start"":105,""end"":113,""text"":""चैम्पियन"",""labels"":[""ADJ""]}]",270.739,"PLI स्कीम के दो हिस्से-चैंपियन ओरिजिनल इक्विपमेंट मैन्युफैक्चरर (OEM) इंसेंटिव स्कीम और व्हीकल्स पार्ट्स चैम्पियन इन्सेंटिव स्कीम हैं।","2025-01-26T13:46:40.315049Z"
6,"1","2025-01-26T13:49:25.391401Z",144,"[{""start"":0,""end"":5,""text"":""इसमें"",""labels"":[""PRON""]},{""start"":6,""end"":11,""text"":""अदाणी"",""labels"":[""PROPN""]},{""start"":12,""end"":17,""text"":""ग्रुप"",""labels"":[""NOUN""]},{""start"":18,""end"":20,""text"":""की"",""labels"":[""ADP""]},{""start"":21,""end"":25,""text"":""FMCG"",""labels"":[""PROPN""]},{""start"":32,""end"":37,""text"":""अदाणी"",""labels"":[""PROPN""]},{""start"":26,""end"":31,""text"":""कंपनी"",""labels"":[""NOUN""]},{""start"":38,""end"":44,""text"":""विल्मर"",""labels"":[""PROPN""]},{""start"":48,""end"":51,""text"":""IPO"",""labels"":[""PROPN""]},{""start"":45,""end"":47,""text"":""ने"",""labels"":[""ADP""]},{""start"":52,""end"":54,""text"":""के"",""labels"":[""ADP""]},{""start"":55,""end"":59,""text"":""जरिए"",""labels"":[""ADP""]},{""start"":60,""end"":63,""text"":""फंड"",""labels"":[""NOUN""]},{""start"":64,""end"":70,""text"":""जुटाने"",""labels"":[""VERB""]},{""start"":71,""end"":73,""text"":""की"",""labels"":[""ADP""]},{""start"":74,""end"":80,""text"":""मंजूरी"",""labels"":[""NOUN""]},{""start"":81,""end"":86,""text"":""मांगी"",""labels"":[""VERB""]},{""start"":87,""end"":89,""text"":""है"",""labels"":[""VERB""]}]",115.184,"इसमें अदाणी ग्रुप की FMCG कंपनी अदाणी विल्मर ने IPO के जरिए फंड जुटाने की मंजूरी मांगी है।","2025-01-26T13:49:25.391416Z"
7,"1","2025-01-26T13:52:28.600246Z",145,"[{""start"":24,""end"":27,""text"":""COA"",""labels"":[""PROPN""]},{""start"":71,""end"":75,""text"":""NATA"",""labels"":[""PROPN""]},{""start"":0,""end"":7,""text"":""काउंसिल"",""labels"":[""NOUN""]},{""start"":11,""end"":22,""text"":""आर्किटेक्चर"",""labels"":[""NOUN""]},{""start"":8,""end"":10,""text"":""ऑफ"",""labels"":[""ADP""]},{""start"":29,""end"":31,""text"":""ने"",""labels"":[""ADP""]},{""start"":32,""end"":37,""text"":""नेशनल"",""labels"":[""ADJ""]},{""start"":38,""end"":48,""text"":""एप्टीट्यूड"",""labels"":[""NOUN""]},{""start"":49,""end"":54,""text"":""टेस्ट"",""labels"":[""NOUN""]},{""start"":55,""end"":57,""text"":""इन"",""labels"":[""ADP""]},{""start"":58,""end"":69,""text"":""आर्किटेक्चर"",""labels"":[""NOUN""]},{""start"":77,""end"":79,""text"":""के"",""labels"":[""ADP""]},{""start"":80,""end"":83,""text"":""लिए"",""labels"":[""ADP""]},{""start"":84,""end"":88,""text"":""होने"",""labels"":[""VERB""]},{""start"":89,""end"":93,""text"":""वाली"",""labels"":[""PART""]},{""start"":94,""end"":98,""text"":""पहली"",""labels"":[""ADJ""]},{""start"":102,""end"":107,""text"":""दूसरी"",""labels"":[""ADJ""]},{""start"":99,""end"":101,""text"":""और"",""labels"":[""CONJ""]},{""start"":108,""end"":115,""text"":""परीक्षा"",""labels"":[""NOUN""]},{""start"":116,""end"":118,""text"":""को"",""labels"":[""ADJ""]},{""start"":119,""end"":125,""text"":""स्थगित"",""labels"":[""VERB""]},{""start"":126,""end"":128,""text"":""कर"",""labels"":[""VERB""]},{""start"":129,""end"":133,""text"":""दिया"",""labels"":[""VERB""]},{""start"":134,""end"":136,""text"":""है"",""labels"":[""VERB""]}]",179.421,"काउंसिल ऑफ आर्किटेक्चर (COA) ने नेशनल एप्टीट्यूड टेस्ट इन आर्किटेक्चर (NATA) के लिए होने वाली पहली और दूसरी परीक्षा को स्थगित कर दिया है।","2025-01-26T13:52:28.600264Z"
8,"1","2025-01-26T13:57:03.410000Z",146,"[{""start"":0,""end"":3,""text"":""साल"",""labels"":[""NOUN""]},{""start"":9,""end"":13,""text"":""मॉडल"",""labels"":[""NOUN""]},{""start"":4,""end"":8,""text"":""1955"",""labels"":[""NUM""]},{""start"":45,""end"":48,""text"":""300"",""labels"":[""NUM""]},{""start"":104,""end"":108,""text"":""1100"",""labels"":[""NUM""]},{""start"":14,""end"":16,""text"":""की"",""labels"":[""ADP""]},{""start"":17,""end"":26,""text"":""स्पोर्ट्स"",""labels"":[""ADJ""]},{""start"":27,""end"":30,""text"":""कार"",""labels"":[""NOUN""]},{""start"":31,""end"":39,""text"":""मर्सिडीज"",""labels"":[""PROPN""]},{""start"":40,""end"":44,""text"":""बेंज"",""labels"":[""PROPN""]},{""start"":49,""end"":52,""text"":""SLR"",""labels"":[""PROPN""]},{""start"":54,""end"":75,""text"":""Mercedes-Benz 300 SLR"",""labels"":[""PROPN""]},{""start"":77,""end"":79,""text"":""एक"",""labels"":[""DET""]},{""start"":80,""end"":88,""text"":""प्राइवेट"",""labels"":[""ADJ""]},{""start"":89,""end"":94,""text"":""ऑक्शन"",""labels"":[""NOUN""]},{""start"":95,""end"":98,""text"":""में"",""labels"":[""ADP""]},{""start"":99,""end"":103,""text"":""करीब"",""labels"":[""ADV""]},{""start"":109,""end"":114,""text"":""करोड़"",""labels"":[""NUM""]},{""start"":115,""end"":120,""text"":""रुपए "",""labels"":[""NOUN""]},{""start"":121,""end"":136,""text"":""143 मिलियन डॉलर"",""labels"":[""NUM""]},{""start"":138,""end"":141,""text"":""में"",""labels"":[""ADP""]},{""start"":142,""end"":147,""text"":""नीलाम"",""labels"":[""VERB""]},{""start"":148,""end"":151,""text"":""हुई"",""labels"":[""VERB""]},{""start"":152,""end"":154,""text"":""है"",""labels"":[""VERB""]}]",268.343,"साल 1955 मॉडल की स्पोर्ट्स कार मर्सिडीज बेंज 300 SLR (Mercedes-Benz 300 SLR) एक प्राइवेट ऑक्शन में करीब 1100 करोड़ रुपए (143 मिलियन डॉलर) में नीलाम हुई है।","2025-01-26T13:57:03.410015Z"
9,"1","2025-01-26T13:59:06.491702Z",147,"[{""start"":0,""end"":2,""text"":""MF"",""labels"":[""PROPN""]},{""start"":6,""end"":10,""text"":""NBFC"",""labels"":[""PROPN""]},{""start"":3,""end"":5,""text"":""और"",""labels"":[""CONJ""]},{""start"":11,""end"":13,""text"":""का"",""labels"":[""ADP""]},{""start"":14,""end"":17,""text"":""लोन"",""labels"":[""NOUN""]},{""start"":18,""end"":21,""text"":""बढ़"",""labels"":[""VERB""]},{""start"":22,""end"":25,""text"":""रहा"",""labels"":[""VERB""]},{""start"":26,""end"":28,""text"":""है"",""labels"":[""VERB""]},{""start"":29,""end"":31,""text"":""और"",""labels"":[""CONJ""]},{""start"":32,""end"":41,""text"":""कॉर्पोरेट"",""labels"":[""ADJ""]},{""start"":42,""end"":47,""text"":""बॉन्ड"",""labels"":[""NOUN""]},{""start"":48,""end"":52,""text"":""जैसे"",""labels"":[""ADP""]},{""start"":53,""end"":60,""text"":""मार्केट"",""labels"":[""NOUN""]},{""start"":61,""end"":73,""text"":""इंस्ट्रूमेंट"",""labels"":[""NOUN""]},{""start"":74,""end"":76,""text"":""के"",""labels"":[""ADP""]},{""start"":77,""end"":81,""text"":""जरिए"",""labels"":[""ADP""]},{""start"":82,""end"":94,""text"":""इन्वेस्टमेंट"",""labels"":[""NOUN""]},{""start"":95,""end"":98,""text"":""बढ़"",""labels"":[""VERB""]},{""start"":99,""end"":102,""text"":""रहा"",""labels"":[""VERB""]},{""start"":103,""end"":105,""text"":""है"",""labels"":[""VERB""]}]",120.461,"MF और NBFC का लोन बढ़ रहा है और कॉर्पोरेट बॉन्ड जैसे मार्केट इंस्ट्रूमेंट के जरिए इन्वेस्टमेंट बढ़ रहा है।","2025-01-26T13:59:06.491717Z"
10,"1","2025-01-26T14:02:20.580649Z",148,"[{""start"":0,""end"":2,""text"":""इस"",""labels"":[""DET""]},{""start"":3,""end"":8,""text"":""महीने"",""labels"":[""NOUN""]},{""start"":9,""end"":11,""text"":""की"",""labels"":[""ADP""]},{""start"":12,""end"":18,""text"":""शुरुआत"",""labels"":[""NOUN""]},{""start"":24,""end"":29,""text"":""नेशनल"",""labels"":[""ADJ""]},{""start"":19,""end"":23,""text"":""में,"",""labels"":[""ADP""]},{""start"":30,""end"":36,""text"":""पेमेंट"",""labels"":[""NOUN""]},{""start"":37,""end"":47,""text"":""कॉर्पोरेशन"",""labels"":[""NOUN""]},{""start"":48,""end"":50,""text"":""ऑफ"",""labels"":[""ADP""]},{""start"":51,""end"":58,""text"":""इंडिया "",""labels"":[""PROPN""]},{""start"":59,""end"":63,""text"":""NPCI"",""labels"":[""PROPN""]},{""start"":65,""end"":67,""text"":""ने"",""labels"":[""ADP""]},{""start"":68,""end"":75,""text"":""वॉट्सऐप"",""labels"":[""PROPN""]},{""start"":76,""end"":79,""text"":""UPI"",""labels"":[""PROPN""]},{""start"":80,""end"":82,""text"":""के"",""labels"":[""ADP""]},{""start"":83,""end"":86,""text"":""लिए"",""labels"":[""ADP""]},{""start"":87,""end"":96,""text"":""एक्स्ट्रा"",""labels"":[""ADJ""]},{""start"":97,""end"":98,""text"":""6"",""labels"":[""NUM""]},{""start"":99,""end"":104,""text"":""करोड़"",""labels"":[""NUM""]},{""start"":105,""end"":111,""text"":""यूजर्स"",""labels"":[""NOUN""]},{""start"":112,""end"":114,""text"":""को"",""labels"":[""ADP""]},{""start"":115,""end"":121,""text"":""मंजूरी"",""labels"":[""NOUN""]},{""start"":122,""end"":124,""text"":""दी"",""labels"":[""VERB""]}]",192.452,"इस महीने की शुरुआत में, नेशनल पेमेंट कॉर्पोरेशन ऑफ इंडिया (NPCI) ने वॉट्सऐप UPI के लिए एक्स्ट्रा 6 करोड़ यूजर्स को मंजूरी दी।","2025-01-26T14:02:20.580661Z"
11,"1","2025-01-26T14:05:11.880894Z",149,"[{""start"":0,""end"":3,""text"":""देश"",""labels"":[""NOUN""]},{""start"":15,""end"":22,""text"":""लॉकडाउन"",""labels"":[""NOUN""]},{""start"":8,""end"":14,""text"":""कोरोना"",""labels"":[""PROPN""]},{""start"":4,""end"":7,""text"":""में"",""labels"":[""ADP""]},{""start"":23,""end"":25,""text"":""के"",""labels"":[""ADP""]},{""start"":26,""end"":30,""text"":""चलते"",""labels"":[""VERB""]},{""start"":31,""end"":37,""text"":""निरस्त"",""labels"":[""ADJ""]},{""start"":38,""end"":41,""text"":""हुई"",""labels"":[""VERB""]},{""start"":42,""end"":47,""text"":""बोर्ड"",""labels"":[""NOUN""]},{""start"":48,""end"":57,""text"":""परीक्षाओं"",""labels"":[""NOUN""]},{""start"":58,""end"":60,""text"":""के"",""labels"":[""ADP""]},{""start"":61,""end"":64,""text"":""बाद"",""labels"":[""NOUN""]},{""start"":65,""end"":67,""text"":""अब"",""labels"":[""ADV""]},{""start"":68,""end"":71,""text"":""JEE"",""labels"":[""PROPN""]},{""start"":75,""end"":79,""text"":""NEET"",""labels"":[""PROPN""]},{""start"":72,""end"":74,""text"":""और"",""labels"":[""CONJ""]},{""start"":80,""end"":88,""text"":""एंट्रेंस"",""labels"":[""NOUN""]},{""start"":89,""end"":95,""text"":""एग्जाम"",""labels"":[""NOUN""]},{""start"":96,""end"":98,""text"":""को"",""labels"":[""ADP""]},{""start"":99,""end"":101,""text"":""भी"",""labels"":[""PART""]},{""start"":102,""end"":105,""text"":""टाल"",""labels"":[""VERB""]},{""start"":106,""end"":110,""text"":""दिया"",""labels"":[""VERB""]},{""start"":111,""end"":114,""text"":""गया"",""labels"":[""VERB""]},{""start"":115,""end"":117,""text"":""है"",""labels"":[""VERB""]}]",168.844,"देश में कोरोना लॉकडाउन के चलते निरस्त हुई बोर्ड परीक्षाओं के बाद अब JEE और NEET एंट्रेंस एग्जाम को भी टाल दिया गया है।","2025-01-26T14:05:11.880908Z"
12,"1","2025-01-26T14:08:20.857705Z",150,"[{""start"":41,""end"":45,""text"":""SEBI"",""labels"":[""PROPN""]},{""start"":81,""end"":85,""text"":""RIAs"",""labels"":[""PROPN""]},{""start"":0,""end"":10,""text"":""सिक्योरिटी"",""labels"":[""NOUN""]},{""start"":15,""end"":23,""text"":""एक्सचेंज"",""labels"":[""NOUN""]},{""start"":11,""end"":14,""text"":""एंड"",""labels"":[""CONJ""]},{""start"":24,""end"":29,""text"":""बोर्ड"",""labels"":[""NOUN""]},{""start"":30,""end"":32,""text"":""ऑफ"",""labels"":[""ADP""]},{""start"":33,""end"":39,""text"":""इंडिया"",""labels"":[""PROPN""]},{""start"":47,""end"":56,""text"":""रजिस्टर्ड"",""labels"":[""ADJ""]},{""start"":57,""end"":69,""text"":""इन्वेस्टमेंट"",""labels"":[""NOUN""]},{""start"":70,""end"":79,""text"":""एडवाइजर्स"",""labels"":[""NOUN""]},{""start"":87,""end"":93,""text"":""डिजिटल"",""labels"":[""ADJ""]},{""start"":94,""end"":99,""text"":""गोल्ड"",""labels"":[""NOUN""]},{""start"":100,""end"":104,""text"":""सहित"",""labels"":[""ADP""]},{""start"":105,""end"":109,""text"":""अन्य"",""labels"":[""NOUN""]},{""start"":122,""end"":130,""text"":""प्रोडक्ट"",""labels"":[""NOUN""]},{""start"":110,""end"":121,""text"":""अनरेगुलेटेड"",""labels"":[""ADJ""]},{""start"":131,""end"":134,""text"":""में"",""labels"":[""ADP""]},{""start"":135,""end"":138,""text"":""डील"",""labels"":[""VERB""]},{""start"":139,""end"":143,""text"":""नहीं"",""labels"":[""PART_NEG""]},{""start"":144,""end"":146,""text"":""कर"",""labels"":[""VERB""]},{""start"":147,""end"":153,""text"":""सकेंगे"",""labels"":[""VERB""]}]",187.556,"सिक्योरिटी एंड एक्सचेंज बोर्ड ऑफ इंडिया (SEBI) रजिस्टर्ड इन्वेस्टमेंट एडवाइजर्स (RIAs) डिजिटल गोल्ड सहित अन्य अनरेगुलेटेड प्रोडक्ट में डील नहीं कर सकेंगे।","2025-01-26T14:08:20.857721Z"
13,"1","2025-01-26T14:09:47.246219Z",151,"[{""start"":19,""end"":23,""text"":""UPSC"",""labels"":[""PROPN""]},{""start"":54,""end"":57,""text"":""CDS"",""labels"":[""PROPN""]},{""start"":62,""end"":65,""text"":""341"",""labels"":[""NUM""]},{""start"":59,""end"":61,""text"":""के"",""labels"":[""ADP""]},{""start"":0,""end"":3,""text"":""संघ"",""labels"":[""NOUN""]},{""start"":4,""end"":7,""text"":""लोक"",""labels"":[""NOUN""]},{""start"":8,""end"":12,""text"":""सेवा"",""labels"":[""NOUN""]},{""start"":13,""end"":17,""text"":""आयोग"",""labels"":[""NOUN""]},{""start"":25,""end"":27,""text"":""ने"",""labels"":[""ADP""]},{""start"":28,""end"":36,""text"":""कम्बाइंड"",""labels"":[""ADJ""]},{""start"":37,""end"":43,""text"":""डिफेंस"",""labels"":[""NOUN""]},{""start"":44,""end"":52,""text"":""सर्विसेज"",""labels"":[""NOUN""]},{""start"":66,""end"":70,""text"":""पदों"",""labels"":[""NOUN""]},{""start"":74,""end"":79,""text"":""भर्ती"",""labels"":[""NOUN""]},{""start"":71,""end"":73,""text"":""पर"",""labels"":[""ADP""]},{""start"":80,""end"":86,""text"":""निकाली"",""labels"":[""VERB""]},{""start"":87,""end"":89,""text"":""है"",""labels"":[""VERB""]}]",83.84,"संघ लोक सेवा आयोग (UPSC) ने कम्बाइंड डिफेंस सर्विसेज (CDS) के 341 पदों पर भर्ती निकाली है।","2025-01-26T14:09:47.246233Z"
14,"1","2025-01-26T14:11:41.507741Z",152,"[{""start"":28,""end"":32,""text"":""CRPF"",""labels"":[""PROPN""]},{""start"":61,""end"":65,""text"":""CAPF"",""labels"":[""PROPN""]},{""start"":0,""end"":7,""text"":""सेंट्रल"",""labels"":[""ADJ""]},{""start"":8,""end"":14,""text"":""रिजर्व"",""labels"":[""ADJ""]},{""start"":15,""end"":20,""text"":""पुलिस"",""labels"":[""NOUN""]},{""start"":21,""end"":26,""text"":""फोर्स"",""labels"":[""NOUN""]},{""start"":34,""end"":36,""text"":""ने"",""labels"":[""ADP""]},{""start"":43,""end"":46,""text"":""में"",""labels"":[""ADP""]},{""start"":37,""end"":42,""text"":""देशभर"",""labels"":[""NOUN""]},{""start"":47,""end"":52,""text"":""स्थित"",""labels"":[""VERB""]},{""start"":53,""end"":60,""text"":""विभिन्न"",""labels"":[""ADJ""]},{""start"":66,""end"":75,""text"":""अस्पतालों"",""labels"":[""NOUN""]},{""start"":76,""end"":79,""text"":""में"",""labels"":[""ADP""]},{""start"":80,""end"":90,""text"":""पैरामेडिकल"",""labels"":[""ADJ""]},{""start"":91,""end"":96,""text"":""स्टाफ"",""labels"":[""NOUN""]},{""start"":100,""end"":105,""text"":""भर्ती"",""labels"":[""NOUN""]},{""start"":97,""end"":99,""text"":""की"",""labels"":[""ADP""]},{""start"":106,""end"":108,""text"":""के"",""labels"":[""ADP""]},{""start"":109,""end"":112,""text"":""लिए"",""labels"":[""ADP""]},{""start"":113,""end"":118,""text"":""आवेदन"",""labels"":[""NOUN""]},{""start"":119,""end"":124,""text"":""मांगे"",""labels"":[""VERB""]},{""start"":125,""end"":128,""text"":""हैं"",""labels"":[""VERB""]}]",111.916,"सेंट्रल रिजर्व पुलिस फोर्स (CRPF) ने देशभर में स्थित विभिन्न CAPF अस्पतालों में पैरामेडिकल स्टाफ की भर्ती के लिए आवेदन मांगे हैं।","2025-01-26T14:11:41.507789Z"
15,"1","2025-01-26T14:13:35.457960Z",153,"[{""start"":0,""end"":6,""text"":""बॉर्डर"",""labels"":[""NOUN""]},{""start"":7,""end"":17,""text"":""सिक्योरिटी"",""labels"":[""NOUN""]},{""start"":18,""end"":23,""text"":""फोर्स"",""labels"":[""NOUN""]},{""start"":25,""end"":28,""text"":""BSF"",""labels"":[""PROPN""]},{""start"":59,""end"":63,""text"":""GDMO"",""labels"":[""PROPN""]},{""start"":30,""end"":32,""text"":""ने"",""labels"":[""ADP""]},{""start"":33,""end"":37,""text"":""जनरल"",""labels"":[""ADJ""]},{""start"":45,""end"":51,""text"":""मेडिकल"",""labels"":[""ADJ""]},{""start"":38,""end"":44,""text"":""ड्यूटी"",""labels"":[""NOUN""]},{""start"":52,""end"":57,""text"":""ऑफिसर"",""labels"":[""NOUN""]},{""start"":65,""end"":67,""text"":""और"",""labels"":[""CONJ""]},{""start"":68,""end"":78,""text"":""स्पेशलिस्ट"",""labels"":[""NOUN""]},{""start"":79,""end"":83,""text"":""पदों"",""labels"":[""NOUN""]},{""start"":84,""end"":86,""text"":""पर"",""labels"":[""ADP""]},{""start"":87,""end"":92,""text"":""भर्ती"",""labels"":[""NOUN""]},{""start"":93,""end"":95,""text"":""के"",""labels"":[""ADP""]},{""start"":96,""end"":99,""text"":""लिए"",""labels"":[""ADP""]},{""start"":100,""end"":110,""text"":""नोटिफिकेशन"",""labels"":[""NOUN""]},{""start"":111,""end"":115,""text"":""जारी"",""labels"":[""VERB""]},{""start"":116,""end"":120,""text"":""किया"",""labels"":[""VERB""]},{""start"":121,""end"":123,""text"":""है"",""labels"":[""VERB""]}]",111.542,"बॉर्डर सिक्योरिटी फोर्स (BSF) ने जनरल ड्यूटी मेडिकल ऑफिसर (GDMO) और स्पेशलिस्ट पदों पर भर्ती के लिए नोटिफिकेशन जारी किया है।","2025-01-26T14:13:35.457973Z"
16,"1","2025-01-26T14:15:36.284343Z",154,"[{""start"":54,""end"":58,""text"":""MRPL"",""labels"":[""PROPN""]},{""start"":60,""end"":62,""text"":""और"",""labels"":[""CONJ""]},{""start"":100,""end"":104,""text"":""HPCL"",""labels"":[""PROPN""]},{""start"":106,""end"":108,""text"":""को"",""labels"":[""ADP""]},{""start"":6,""end"":8,""text"":""को"",""labels"":[""ADP""]},{""start"":0,""end"":5,""text"":""स्टॉक"",""labels"":[""NOUN""]},{""start"":9,""end"":16,""text"":""मैंगलोर"",""labels"":[""PROPN""]},{""start"":17,""end"":25,""text"":""रिफाइनरी"",""labels"":[""NOUN""]},{""start"":26,""end"":29,""text"":""एंड"",""labels"":[""CONJ""]},{""start"":30,""end"":44,""text"":""पेट्रोकेमिकल्स"",""labels"":[""NOUN""]},{""start"":45,""end"":52,""text"":""लिमिटेड"",""labels"":[""ADJ""]},{""start"":63,""end"":73,""text"":""हिंदुस्तान"",""labels"":[""PROPN""]},{""start"":74,""end"":84,""text"":""पेट्रोलियम"",""labels"":[""NOUN""]},{""start"":85,""end"":90,""text"":""कॉर्प"",""labels"":[""NOUN""]},{""start"":91,""end"":98,""text"":""लिमिटेड"",""labels"":[""NOUN""]},{""start"":109,""end"":113,""text"":""बेचा"",""labels"":[""VERB""]},{""start"":114,""end"":119,""text"":""जाएगा"",""labels"":[""VERB""]}]",118.732,"स्टॉक को मैंगलोर रिफाइनरी एंड पेट्रोकेमिकल्स लिमिटेड (MRPL) और हिंदुस्तान पेट्रोलियम कॉर्प लिमिटेड (HPCL) को बेचा जाएगा।","2025-01-26T14:15:36.284356Z"
17,"1","2025-01-26T14:18:16.735188Z",155,"[{""start"":22,""end"":23,""text"":""9"",""labels"":[""NUM""]},{""start"":30,""end"":34,""text"":""2021"",""labels"":[""NUM""]},{""start"":35,""end"":37,""text"":""को"",""labels"":[""ADP""]},{""start"":43,""end"":47,""text"":""2021"",""labels"":[""NUM""]},{""start"":48,""end"":52,""text"":""2022"",""labels"":[""NUM""]},{""start"":47,""end"":48,""text"":""-"",""labels"":[""X""]},{""start"":53,""end"":55,""text"":""के"",""labels"":[""ADP""]},{""start"":56,""end"":59,""text"":""लिए"",""labels"":[""ADP""]},{""start"":85,""end"":87,""text"":""UG"",""labels"":[""PROPN""]},{""start"":107,""end"":109,""text"":""PG"",""labels"":[""PROPN""]},{""start"":89,""end"":91,""text"":""और"",""labels"":[""CONJ""]},{""start"":119,""end"":121,""text"":""का"",""labels"":[""ADP""]},{""start"":0,""end"":6,""text"":""दिल्ली"",""labels"":[""PROPN""]},{""start"":7,""end"":18,""text"":""यूनिवर्सिटी"",""labels"":[""NOUN""]},{""start"":19,""end"":21,""text"":""ने"",""labels"":[""ADP""]},{""start"":24,""end"":29,""text"":""नवंबर"",""labels"":[""NOUN""]},{""start"":38,""end"":42,""text"":""वर्ष"",""labels"":[""NOUN""]},{""start"":60,""end"":66,""text"":""फर्स्ट"",""labels"":[""ADJ""]},{""start"":67,""end"":70,""text"":""ईयर"",""labels"":[""NOUN""]},{""start"":71,""end"":83,""text"":""अंडरग्रेजुएट"",""labels"":[""ADJ""]},{""start"":92,""end"":105,""text"":""पोस्टग्रेजुएट"",""labels"":[""ADJ""]},{""start"":111,""end"":118,""text"":""कोर्सेस"",""labels"":[""NOUN""]},{""start"":122,""end"":129,""text"":""एकेडमिक"",""labels"":[""ADJ""]},{""start"":130,""end"":137,""text"":""कैलेंडर"",""labels"":[""NOUN""]},{""start"":138,""end"":142,""text"":""जारी"",""labels"":[""VERB""]},{""start"":143,""end"":145,""text"":""कर"",""labels"":[""VERB""]},{""start"":146,""end"":150,""text"":""दिया"",""labels"":[""VERB""]},{""start"":151,""end"":153,""text"":""है"",""labels"":[""VERB""]}]",159.083,"दिल्ली यूनिवर्सिटी ने 9 नवंबर 2021 को वर्ष 2021-2022 के लिए फर्स्ट ईयर अंडरग्रेजुएट (UG) और पोस्टग्रेजुएट (PG) कोर्सेस का एकेडमिक कैलेंडर जारी कर दिया है।","2025-01-26T14:18:16.735205Z"
18,"1","2025-01-26T14:20:29.591227Z",156,"[{""start"":46,""end"":50,""text"":""ICMR"",""labels"":[""PROPN""]},{""start"":108,""end"":112,""text"":""NCDC"",""labels"":[""PROPN""]},{""start"":17,""end"":19,""text"":""का"",""labels"":[""ADP""]},{""start"":51,""end"":53,""text"":""के"",""labels"":[""ADP""]},{""start"":37,""end"":39,""text"":""का"",""labels"":[""ADP""]},{""start"":0,""end"":6,""text"":""जबलपुर"",""labels"":[""PROPN""]},{""start"":12,""end"":16,""text"":""एमपी"",""labels"":[""PROPN""]},{""start"":7,""end"":11,""text"":""सहित"",""labels"":[""ADP""]},{""start"":20,""end"":25,""text"":""जीनोम"",""labels"":[""NOUN""]},{""start"":26,""end"":36,""text"":""सिक्वेसिंग"",""labels"":[""NOUN""]},{""start"":40,""end"":45,""text"":""सैंपल"",""labels"":[""NOUN""]},{""start"":54,""end"":60,""text"":""माध्यम"",""labels"":[""NOUN""]},{""start"":64,""end"":70,""text"":""दिल्ली"",""labels"":[""PROPN""]},{""start"":61,""end"":63,""text"":""से"",""labels"":[""ADP""]},{""start"":71,""end"":76,""text"":""स्थित"",""labels"":[""ADJ""]},{""start"":77,""end"":82,""text"":""नेशनल"",""labels"":[""ADJ""]},{""start"":83,""end"":88,""text"":""सेंटर"",""labels"":[""NOUN""]},{""start"":89,""end"":92,""text"":""फॉर"",""labels"":[""ADP""]},{""start"":93,""end"":98,""text"":""डिजीज"",""labels"":[""NOUN""]},{""start"":99,""end"":106,""text"":""कंट्रोल"",""labels"":[""NOUN""]},{""start"":124,""end"":126,""text"":""है"",""labels"":[""VERB""]},{""start"":114,""end"":118,""text"":""भेजा"",""labels"":[""VERB""]},{""start"":119,""end"":123,""text"":""जाता"",""labels"":[""VERB""]}]",131.184,"जबलपुर सहित एमपी का जीनोम सिक्वेसिंग का सैंपल ICMR के माध्यम से दिल्ली स्थित नेशनल सेंटर फॉर डिजीज कंट्रोल (NCDC) भेजा जाता है।","2025-01-26T14:20:29.591238Z"
19,"1","2025-01-26T14:22:26.241710Z",157,"[{""start"":43,""end"":47,""text"":""ICSI"",""labels"":[""PROPN""]},{""start"":65,""end"":67,""text"":""CS"",""labels"":[""PROPN""]},{""start"":62,""end"":64,""text"":""को"",""labels"":[""ADP""]},{""start"":53,""end"":55,""text"":""18"",""labels"":[""NUM""]},{""start"":97,""end"":102,""text"":""CSEET"",""labels"":[""PROPN""]},{""start"":110,""end"":114,""text"":""2021"",""labels"":[""NUM""]},{""start"":115,""end"":117,""text"":""का"",""labels"":[""ADP""]},{""start"":0,""end"":11,""text"":""इंस्टीट्यूट"",""labels"":[""NOUN""]},{""start"":15,""end"":20,""text"":""कंपनी"",""labels"":[""NOUN""]},{""start"":21,""end"":31,""text"":""सेक्रेटरीज"",""labels"":[""NOUN""]},{""start"":12,""end"":14,""text"":""ऑफ"",""labels"":[""ADP""]},{""start"":32,""end"":34,""text"":""ऑफ"",""labels"":[""ADP""]},{""start"":35,""end"":41,""text"":""इंडिया"",""labels"":[""PROPN""]},{""start"":49,""end"":51,""text"":""आज"",""labels"":[""ADV""]},{""start"":56,""end"":61,""text"":""जनवरी"",""labels"":[""NOUN""]},{""start"":68,""end"":80,""text"":""एग्जीक्यूटिव"",""labels"":[""ADJ""]},{""start"":81,""end"":89,""text"":""एंट्रेंस"",""labels"":[""NOUN""]},{""start"":90,""end"":95,""text"":""टेस्ट"",""labels"":[""NOUN""]},{""start"":104,""end"":109,""text"":""जनवरी"",""labels"":[""NOUN""]},{""start"":118,""end"":124,""text"":""रिजल्ट"",""labels"":[""NOUN""]},{""start"":130,""end"":135,""text"":""करेगा"",""labels"":[""VERB""]},{""start"":125,""end"":129,""text"":""जारी"",""labels"":[""VERB""]}]",114.265,"इंस्टीट्यूट ऑफ कंपनी सेक्रेटरीज ऑफ इंडिया (ICSI) आज, 18 जनवरी को CS एग्जीक्यूटिव एंट्रेंस टेस्ट (CSEET) जनवरी 2021 का रिजल्ट जारी करेगा।","2025-01-26T14:22:26.241734Z"
20,"1","2025-01-26T14:23:59.949307Z",158,"[{""start"":101,""end"":104,""text"":""हैं"",""labels"":[""VERB""]},{""start"":98,""end"":100,""text"":""दी"",""labels"":[""VERB""]},{""start"":95,""end"":97,""text"":""कर"",""labels"":[""VERB""]},{""start"":19,""end"":22,""text"":""RRB"",""labels"":[""PROPN""]},{""start"":24,""end"":26,""text"":""ने"",""labels"":[""ADP""]},{""start"":27,""end"":31,""text"":""NTPC"",""labels"":[""PROPN""]},{""start"":0,""end"":5,""text"":""रेलवे"",""labels"":[""PROPN""]},{""start"":6,""end"":11,""text"":""भर्ती"",""labels"":[""NOUN""]},{""start"":12,""end"":17,""text"":""बोर्ड"",""labels"":[""NOUN""]},{""start"":32,""end"":37,""text"":""भर्ती"",""labels"":[""NOUN""]},{""start"":38,""end"":45,""text"":""परीक्षा"",""labels"":[""NOUN""]},{""start"":46,""end"":51,""text"":""दूसरे"",""labels"":[""ADJ""]},{""start"":52,""end"":55,""text"":""चरण"",""labels"":[""NOUN""]},{""start"":56,""end"":58,""text"":""की"",""labels"":[""ADP""]},{""start"":59,""end"":68,""text"":""परीक्षाओं"",""labels"":[""NOUN""]},{""start"":69,""end"":71,""text"":""के"",""labels"":[""ADP""]},{""start"":72,""end"":75,""text"":""लिए"",""labels"":[""ADP""]},{""start"":76,""end"":83,""text"":""एग्‍जाम"",""labels"":[""NOUN""]},{""start"":84,""end"":89,""text"":""डेट्स"",""labels"":[""NOUN""]},{""start"":90,""end"":94,""text"":""जारी"",""labels"":[""VERB""]}]",92.063,"रेलवे भर्ती बोर्ड (RRB) ने NTPC भर्ती परीक्षा दूसरे चरण की परीक्षाओं के लिए एग्‍जाम डेट्स जारी कर दी हैं।","2025-01-26T14:23:59.949324Z"
21,"1","2025-01-26T14:29:48.953538Z",159,"[{""start"":12,""end"":14,""text"":""के"",""labels"":[""ADP""]},{""start"":70,""end"":72,""text"":""और"",""labels"":[""CONJ""]},{""start"":0,""end"":4,""text"":""वहीं"",""labels"":[""ADV""]},{""start"":5,""end"":11,""text"":""पेटीएम"",""labels"":[""PROPN""]},{""start"":15,""end"":21,""text"":""मौजूदा"",""labels"":[""ADJ""]},{""start"":22,""end"":28,""text"":""निवेशक"",""labels"":[""NOUN""]},{""start"":29,""end"":38,""text"":""सॉफ्टबैंक"",""labels"":[""PROPN""]},{""start"":40,""end"":47,""text"":""अलीबाबा"",""labels"":[""PROPN""]},{""start"":49,""end"":52,""text"":""Ant"",""labels"":[""PROPN""]},{""start"":53,""end"":63,""text"":""फाइनेंशियल"",""labels"":[""ADJ""]},{""start"":64,""end"":69,""text"":""ग्रुप"",""labels"":[""NOUN""]},{""start"":73,""end"":77,""text"":""SAIF"",""labels"":[""PROPN""]},{""start"":78,""end"":80,""text"":""भी"",""labels"":[""ADV""]},{""start"":81,""end"":85,""text"":""अपनी"",""labels"":[""PRON""]},{""start"":86,""end"":96,""text"":""हिस्सेदारी"",""labels"":[""NOUN""]},{""start"":97,""end"":99,""text"":""कम"",""labels"":[""VERB""]},{""start"":100,""end"":106,""text"":""करेंगे"",""labels"":[""VERB""]}]",347.564,"वहीं पेटीएम के मौजूदा निवेशक सॉफ्टबैंक, अलीबाबा, Ant फाइनेंशियल ग्रुप और SAIF भी अपनी हिस्सेदारी कम करेंगे।","2025-01-26T14:29:48.953564Z"
